Date/Time,Word Count,de,en,es,fr,it,ja,ko,pl,pt,ru,th,tr,uk,zh,zh-Hans-CN-CNVER,zh-Hant
2022.07.12-15.29.47,1128,0,0,0,0,0,0,0,0,0,0,0,0,0,1128,0,0
2022.09.26-09.46.09,21194,0,0,0,0,0,0,0,0,0,0,0,0,0,21194,0,0
2022.09.27-15.29.21,21304,0,0,0,0,0,0,0,0,0,0,0,0,0,21304,0,0
2022.10.26-14.03.38,23806,0,0,0,0,0,0,0,0,0,0,0,0,0,23806,0,0
2023.01.12-15.08.35,46037,0,0,0,0,0,0,0,0,0,0,0,0,0,46037,0,0
2023.01.30-13.39.01,46402,0,0,0,0,0,0,0,0,0,0,0,0,0,46402,0,0
2023.01.30-17.17.12,46500,0,0,0,0,0,0,0,0,0,0,0,0,0,46500,0,0
2023.02.28-12.31.45,51252,0,0,0,0,0,0,0,0,0,0,0,0,0,51252,0,0
2023.02.28-17.55.13,51252,0,50953,0,0,0,0,0,0,0,0,0,0,0,51252,0,0
2023.02.28-19.53.30,53027,0,49671,0,0,0,0,0,0,0,0,0,0,0,53027,0,0
2023.02.28-20.07.33,53027,0,52728,0,0,0,0,0,0,0,0,0,0,0,53027,0,0
2023.03.03-18.12.42,53898,0,50016,0,0,0,0,0,0,0,0,0,0,0,53898,0,0
2023.03.03-18.14.38,53898,0,53599,0,0,0,0,0,0,0,0,0,0,0,53898,0,0
2023.03.07-19.24.55,54051,0,52687,0,0,0,0,0,0,0,0,0,0,0,54051,0,0
2023.03.07-19.26.45,54051,0,53752,0,0,0,0,0,0,0,0,0,0,0,54051,0,0
2023.03.09-11.13.17,54768,0,53230,0,0,0,0,0,0,0,0,0,0,0,54768,0,0
2023.03.09-11.18.31,54768,0,54469,0,0,0,0,0,0,0,0,0,0,0,54768,0,0
2023.03.10-17.34.45,55644,0,53602,0,0,0,0,0,0,0,0,0,0,0,55644,0,0
2023.03.10-17.37.30,55644,0,55345,0,0,0,0,0,0,0,0,0,0,0,55644,0,0
2023.03.13-17.50.46,55870,0,55148,0,0,0,0,0,0,0,0,0,0,0,55870,0,0
2023.03.13-17.57.19,55870,0,55272,0,0,0,0,0,0,0,0,0,0,0,55870,0,0
2023.03.14-13.23.43,55927,0,55236,0,0,0,0,0,0,0,0,0,0,0,55927,0,0
2023.03.16-13.36.50,56792,0,54925,0,0,0,0,0,0,0,0,0,0,0,56792,0,0
2023.03.16-13.42.18,56792,0,56190,0,0,0,0,0,0,0,0,0,0,0,56792,0,0
2023.03.17-15.23.02,56967,0,55870,0,0,0,0,0,0,0,0,0,0,0,56967,0,0
2023.03.18-14.10.45,57062,0,56324,0,0,0,0,0,0,0,0,0,0,0,57062,0,0
2023.03.20-15.56.45,57155,0,56233,0,0,0,0,0,0,0,0,0,0,0,57155,0,0
2023.03.21-11.01.03,57355,0,56535,0,0,0,0,0,0,0,0,0,0,0,57355,0,0
2023.03.22-13.19.57,57478,0,56739,0,0,0,0,0,0,0,0,0,0,0,57478,0,0
2023.03.23-12.58.54,57841,0,56491,0,0,0,0,0,0,0,0,0,0,0,57841,0,0
2023.03.27-10.59.51,58569,0,56876,0,0,0,0,0,0,0,0,0,0,0,58569,0,0
2023.03.27-11.12.39,58569,0,0,0,0,0,0,0,0,0,0,0,0,0,58569,0,0
2023.03.30-16.37.37,74072,0,0,0,0,0,0,0,0,0,0,0,0,0,74072,0,0
2023.03.30-16.39.51,74080,0,0,0,0,0,0,0,0,0,0,0,0,0,74080,0,0
2023.04.04-14.50.54,74250,0,71177,0,0,0,0,0,0,0,0,0,0,0,74250,0,0
2023.04.10-11.12.19,74601,0,71125,0,0,0,0,0,0,0,0,0,0,0,74601,0,0
2023.04.13-19.29.43,105579,0,70811,0,0,0,0,0,0,0,0,0,0,0,105579,0,0
2023.04.14-10.40.14,105614,0,102758,0,0,0,0,0,0,0,0,0,0,0,105614,0,0
2023.04.15-14.51.42,105911,0,102781,0,0,0,0,0,0,0,0,0,0,0,105911,0,0
2023.04.17-10.55.22,106055,0,103096,0,0,0,0,0,0,0,0,0,0,0,106055,0,0
2023.04.19-15.48.42,106796,0,100829,0,0,0,0,0,0,0,0,0,0,0,106796,0,0
2023.04.24-14.59.04,107281,0,103862,0,0,0,0,0,0,0,0,0,0,0,107281,0,0
2023.04.26-11.16.55,107094,0,104144,0,0,0,0,0,0,0,0,0,0,0,107094,0,0
2023.04.28-10.12.32,107458,0,103725,0,0,0,0,0,0,0,0,0,0,0,107458,0,0
2023.05.04-10.28.14,108242,0,104712,0,0,0,0,0,0,0,0,0,0,0,108242,0,0
2023.05.06-17.44.02,110138,0,104839,0,0,0,0,0,0,0,0,0,0,0,110138,0,0
2023.05.06-17.55.37,110138,0,107461,0,0,0,0,0,0,0,0,0,0,0,110138,0,0
2023.05.06-18.01.16,110138,0,107327,0,0,0,0,0,0,0,0,0,0,0,110138,0,0
2023.05.08-13.33.32,110172,0,107436,0,0,0,0,0,0,0,0,0,0,0,110172,0,0
2023.05.10-13.29.42,113833,0,107285,0,0,0,0,0,0,0,0,0,0,0,113833,0,0
2023.05.11-13.37.47,114022,0,110818,0,0,0,0,0,0,0,0,0,0,0,114022,0,0
2023.05.15-10.10.13,114353,0,111050,0,0,0,0,0,0,0,0,0,0,0,114353,0,0
2023.05.19-17.38.25,116260,0,109087,0,0,0,0,0,0,0,0,0,0,0,116260,0,0
2023.05.22-09.42.23,116949,0,110954,0,0,0,0,0,0,0,0,0,0,0,116949,0,0
2023.05.24-11.54.56,117791,0,113746,0,0,0,0,0,0,0,0,0,0,0,117791,0,0
2023.05.26-16.14.12,118038,0,114875,0,0,0,0,0,0,0,0,0,0,0,118038,0,0
2023.05.29-12.22.57,118052,0,115422,0,0,0,0,0,0,0,0,0,0,0,118052,0,0
2023.06.19-17.38.36,120531,0,113293,0,0,0,0,0,0,0,0,0,0,0,120531,0,0
2023.06.20-10.08.36,120531,0,118103,0,0,0,0,0,0,0,0,0,0,0,120531,0,0
2023.06.20-13.33.39,120535,0,117983,0,0,0,0,0,0,0,0,0,0,0,120535,0,0
2023.06.21-10.13.02,120592,0,117944,0,0,0,0,0,0,0,0,0,0,0,120592,0,0
2023.06.28-16.49.42,121384,0,115852,0,0,0,0,0,0,0,0,0,0,0,121384,0,0
2023.06.28-18.02.42,116867,0,114162,0,0,0,0,0,0,0,0,0,0,0,116867,0,0
2023.06.29-12.03.01,117005,0,113789,0,0,0,0,0,0,0,0,0,0,0,117005,0,0
2023.06.29-13.36.21,86672,0,84326,0,0,0,0,0,0,0,0,0,0,0,86672,0,0
2023.06.30-11.29.33,88104,0,77138,0,0,0,0,0,0,0,0,0,0,0,88104,0,0
2023.06.30-14.20.03,88116,0,85779,0,0,0,0,0,0,0,0,0,0,0,88116,0,0
2023.06.30-16.57.05,88309,0,83850,0,0,0,0,0,0,0,0,0,0,0,88309,0,0
2023.07.03-16.57.20,90849,0,83043,0,0,0,0,0,0,0,0,0,0,0,90849,0,0
2023.07.12-17.02.12,94807,0,79242,0,0,0,0,0,0,0,0,0,0,0,94807,0,0
2023.07.13-12.11.49,95767,0,90698,0,0,0,0,0,0,0,0,0,0,0,95767,0,0
2023.09.06-10.30.12,114529,0,75950,0,0,0,0,0,0,0,0,0,0,0,114529,0,0
2023.09.06-12.53.30,114552,0,75950,0,0,0,0,0,0,0,0,0,0,0,114552,0,0
2023.09.28-13.43.43,113818,0,0,0,0,0,0,0,0,0,0,0,0,0,113818,0,0
2023.09.28-14.20.31,113818,0,58018,0,0,0,0,0,0,0,0,0,0,0,113818,0,0
2023.09.28-14.27.59,113818,0,58100,0,0,0,0,0,0,0,0,0,0,0,113818,0,0
2023.10.23-13.56.04,115086,0,53279,0,0,0,0,0,0,0,0,0,0,0,115086,0,0
2023.10.23-14.02.35,115086,0,66702,0,0,0,0,0,0,0,0,0,0,0,115086,0,0
2023.10.24-15.42.01,116264,0,66144,0,0,0,0,0,0,0,0,0,0,0,116264,0,0
2023.10.24-15.43.42,116264,0,66168,0,0,0,0,0,0,0,0,0,0,0,116264,0,0
2023.10.24-17.06.34,116273,0,66185,0,0,0,0,0,0,0,0,0,0,0,116273,0,0
2023.10.24-17.23.59,116331,0,66346,0,0,0,0,0,0,0,0,0,0,0,116331,0,0
2023.10.24-19.52.14,116800,0,67311,0,0,0,0,0,0,0,0,0,0,0,116800,0,0
2023.10.24-20.06.45,116783,0,67318,0,0,0,0,0,0,0,0,0,0,0,116783,0,0
2023.10.25-10.42.10,115430,0,67286,0,0,0,0,0,0,0,0,0,0,0,115430,0,0
2023.11.03-10.42.30,120010,0,65661,0,0,0,0,0,0,0,0,0,0,0,120010,0,0
2023.11.03-10.54.20,120010,0,66591,0,0,0,0,0,0,0,0,0,0,0,120010,0,0
2023.11.03-11.12.02,120023,0,66599,0,0,0,0,0,0,0,0,0,0,0,120023,0,0
2023.11.03-18.18.21,120196,0,63965,0,0,0,0,0,0,0,0,0,0,0,120196,0,0
2023.11.03-18.26.06,120196,0,102023,0,0,0,0,0,0,0,0,0,0,0,120196,0,0
2023.11.06-16.08.55,120355,0,101555,0,0,0,0,0,0,0,0,0,0,0,120355,0,0
2023.11.06-16.14.05,120355,0,101561,0,0,0,0,0,0,0,0,0,0,0,120355,0,0
2023.11.06-16.22.19,120355,0,101555,0,0,0,0,0,0,0,0,0,0,0,120355,0,0
2023.11.08-10.44.36,120386,0,100977,0,0,0,0,0,0,0,0,0,0,0,120386,0,0
2023.11.08-11.06.18,120386,0,107640,0,0,0,0,0,0,0,0,0,0,0,120386,0,0
2023.11.08-11.28.42,120386,0,110316,0,0,0,0,0,0,0,0,0,0,0,120386,0,0
2023.11.09-17.15.52,120357,0,110443,0,0,0,0,0,0,0,0,0,0,0,120357,0,0
2023.11.09-18.17.25,120357,0,110754,0,0,0,0,0,0,0,0,0,0,0,120357,0,0
2023.11.09-20.42.29,122255,0,110722,0,0,0,0,0,0,0,0,0,0,0,122255,0,0
2023.11.10-12.51.28,122275,0,114509,0,0,0,0,0,0,0,0,0,0,0,122275,0,0
2023.11.10-14.13.26,122275,0,114850,0,0,0,0,0,0,0,0,0,0,0,122275,0,0
2023.11.10-23.42.47,122210,0,114774,0,0,0,0,0,0,0,0,0,0,0,122210,0,0
2023.11.12-15.00.29,122210,0,114778,0,0,0,0,0,0,0,0,0,0,0,122210,0,0
2023.11.13-14.35.32,122212,0,114770,0,0,0,0,0,0,0,0,0,0,0,122212,0,0
2023.11.13-18.47.06,122216,0,114776,0,0,0,0,0,0,0,0,0,0,0,122216,0,0
2023.11.13-18.59.56,122216,0,114779,0,0,0,0,0,0,0,0,0,0,0,122216,0,0
2023.11.14-12.52.58,122216,0,114768,0,0,0,0,0,0,0,0,0,0,0,122216,0,0
2023.11.14-13.09.19,122216,0,114758,0,0,0,0,0,0,0,0,0,0,0,122216,0,0
2023.11.14-13.40.45,122216,0,114753,0,0,0,0,0,0,0,0,0,0,0,122216,0,0
2023.11.14-14.36.58,122216,0,114755,0,0,0,0,0,0,0,0,0,0,0,122216,0,0
2023.11.14-20.17.21,122216,0,114749,0,0,0,0,0,0,0,0,0,0,0,122216,0,0
2023.11.14-20.27.39,122217,0,114746,0,0,0,0,0,0,0,0,0,0,0,122217,0,0
2023.11.14-20.49.43,122217,0,114750,0,0,0,0,0,0,0,0,0,0,0,122217,0,0
2023.11.14-21.32.22,122217,0,114763,0,0,0,0,0,0,0,0,0,0,0,122217,0,0
2023.12.25-17.13.53,124886,0,104353,0,0,0,0,0,0,0,0,0,0,0,124886,0,0
2023.12.25-17.42.59,124902,0,104353,0,0,0,0,0,0,0,0,0,0,0,124902,0,0
2023.12.26-20.54.15,123608,0,104248,0,0,0,0,0,0,0,0,0,0,0,123608,0,0
2023.12.27-11.58.15,123619,0,104248,0,0,0,0,0,0,0,0,0,0,0,123619,0,0
2024.01.02-12.30.53,124826,0,104143,0,0,0,0,0,0,0,0,0,0,0,124826,0,0
2024.01.03-12.12.03,124826,0,104143,0,0,0,0,0,0,0,0,0,0,0,124826,0,104218
2024.01.04-10.22.28,125093,0,104033,0,0,0,0,0,0,0,0,0,0,0,125093,0,104108
2024.01.04-19.13.41,125093,0,104121,0,0,0,0,0,0,0,0,0,0,0,125093,0,104108
2024.01.05-12.40.22,125093,0,104119,0,0,0,0,0,0,0,0,0,0,0,125093,0,104106
2024.01.10-14.56.39,126198,0,103726,0,0,0,0,0,0,0,0,0,0,0,126198,0,103713
2024.01.10-15.16.11,126198,0,103770,0,0,0,0,0,0,0,0,0,0,0,126198,0,103713
2024.01.11-17.34.24,126198,0,103772,0,0,0,0,0,0,0,0,0,0,0,126198,0,103713
2024.01.16-10.39.15,127760,0,103154,0,0,0,0,0,0,0,0,0,0,0,127760,0,103095
2024.01.16-11.02.41,127790,0,103154,0,0,0,0,0,0,0,0,0,0,0,127790,0,103095
2024.01.16-11.29.06,127790,24852,109231,103069,24852,0,103100,103100,0,24861,103069,0,0,0,127790,0,103095
2024.01.22-10.35.20,135112,24794,108943,102875,24794,0,102906,102906,0,24803,102875,0,0,0,135112,0,102901
2024.01.23-16.43.29,135112,24794,108943,109379,24794,0,109400,109400,0,24803,109379,0,0,0,135112,0,102901
2024.01.23-17.22.04,135068,24726,108842,109278,24726,0,109299,109299,0,24735,109278,0,0,0,135068,0,102800
2024.01.23-20.08.50,135068,24726,108832,109268,24726,0,109287,109287,0,24735,109266,0,0,0,135068,0,102800
2024.01.24-17.41.19,134957,24709,108484,108920,24709,0,108939,108939,0,24718,108918,0,0,0,134957,0,102452
2024.01.24-17.47.44,134957,24709,108562,108998,24709,0,109017,109017,0,24718,108996,0,0,0,134957,0,102452
2024.01.29-15.06.25,134963,24643,108345,108781,24643,0,108800,108800,0,24652,108779,0,0,0,134963,0,102235
2024.02.02-16.46.47,135311,24611,107918,108354,24611,0,108373,108373,0,24620,108352,0,0,0,135311,0,101890
2024.02.02-17.30.44,135311,101780,107918,108354,101780,0,108373,108373,0,101780,108352,0,0,0,135311,0,101890
2024.02.19-13.30.41,135410,101771,107900,108336,101771,0,108355,108355,0,101771,108334,0,0,0,135410,0,101881
2024.02.19-14.05.29,135410,108297,107900,108336,108297,0,108355,108355,0,108297,108334,0,0,0,135410,0,101881
2024.02.23-12.09.23,137777,105766,106809,105961,105766,0,105980,105980,0,105766,105959,0,0,0,137777,0,99935
2024.02.24-16.56.14,138686,105675,106718,105870,105675,0,105889,105889,0,105675,105868,0,0,0,138686,0,99844
2024.02.27-12.38.19,138686,105675,106906,105870,105675,0,105889,105889,0,105675,105868,0,0,0,138686,0,99844
2024.02.27-16.48.25,139361,103308,104483,103429,103308,0,103448,103448,0,103308,103427,0,0,0,139361,0,97626
2024.02.27-16.54.04,139361,103308,113562,103429,103308,0,103448,103448,0,103308,103427,0,0,0,139361,0,97626
2024.02.28-11.48.50,139361,103308,114186,103429,103308,0,103448,103448,0,103308,103427,0,0,0,139361,0,97626
2024.02.28-13.40.50,139361,103308,118430,103429,103308,0,103448,103448,0,103308,103427,0,0,0,139361,0,97626
2024.03.06-14.51.17,139361,103308,118601,103429,103308,0,103448,103448,0,103308,103427,0,0,0,139361,0,97626
2024.03.20-16.08.38,153662,89045,102999,89010,89045,0,89029,89029,0,89045,89008,0,0,0,153662,0,84631
2024.03.20-16.18.11,153690,89045,102999,89010,89045,0,89029,89029,0,89045,89008,0,0,0,153690,0,84631
2024.03.20-16.52.52,153690,89045,106560,89010,89045,0,89029,89029,0,89045,89008,0,0,0,153690,0,84631
2024.03.21-10.58.10,153690,89045,107076,89010,89045,0,89029,89029,0,89045,89008,0,0,0,153690,0,84631
2024.03.21-11.15.29,153617,89033,107062,88998,89033,0,89017,89017,0,89033,88996,0,0,0,153617,0,84619
2024.03.21-11.20.51,153628,89016,107045,88981,89016,0,89000,89000,0,89016,88979,0,0,0,153628,0,84602
2024.03.21-18.37.31,153628,90087,107381,90052,90087,0,90071,90071,0,90087,90050,0,0,0,153628,0,84602
2024.03.29-17.39.12,153628,93333,107381,93405,93358,0,93399,93399,0,93358,93378,0,0,0,153628,0,87135
2024.03.29-17.48.20,153628,93936,107381,94073,93936,0,94092,94092,0,93936,94071,0,0,0,153628,0,87135
2024.04.02-16.03.52,153628,93936,145687,94073,93936,0,94092,94092,0,93936,94071,0,0,0,153628,0,87135
2024.04.02-17.39.52,154963,93225,139897,93362,93225,0,93381,93381,0,93225,93360,0,0,0,154963,0,86471
2024.04.02-22.01.38,154996,93225,143085,93362,93225,0,93381,93381,0,93225,93360,0,0,0,154996,0,86471
2024.04.10-16.28.02,156746,91142,138147,91279,91142,0,91298,91298,0,91142,91277,0,0,0,156746,0,84677
2024.04.10-16.42.11,157045,91051,137729,91188,91051,0,91207,91207,0,91051,91186,0,0,0,157045,0,84586
2024.04.10-16.55.16,157045,91051,137729,91562,91051,0,91207,91207,0,91051,91186,0,0,0,157045,0,84586
2024.04.12-11.08.57,157045,91051,139512,91562,91051,0,91207,91207,0,91051,91186,0,0,0,157045,0,84586
2024.04.12-11.13.43,161192,91026,135502,91527,91026,0,91182,91182,0,91026,91161,0,0,0,161192,0,84561
2024.04.13-10.27.06,161104,91015,139830,91516,91015,0,91171,91171,0,91015,91150,0,0,0,161104,0,84550
2024.04.18-14.13.49,162763,90887,139750,91363,90887,0,91043,91043,0,90887,91022,0,0,0,162763,0,84426
2024.04.18-14.32.31,162763,90887,148754,91363,90887,0,91043,91043,0,90887,91022,0,0,0,162763,0,84426
2024.04.18-17.44.43,162763,90887,148771,91363,90887,0,91043,91043,0,90887,91022,0,0,0,162763,0,84426
2024.04.22-11.06.17,165154,90817,148523,91293,90817,0,90973,90973,0,90817,90952,0,0,0,165154,0,84356
2024.04.22-13.09.30,165154,118252,148523,118716,118252,0,118396,118396,0,118320,118375,0,0,0,165154,0,84356
2024.04.22-15.25.49,165154,118252,148523,118716,118252,0,121592,118396,0,118320,118375,0,0,0,165154,0,84356
2024.04.22-17.36.27,165154,118252,148523,121441,118252,0,121471,121168,0,118320,121145,0,0,0,165154,0,84356
2024.04.23-11.21.14,165549,117226,147238,120415,117226,0,120445,120142,0,117294,120119,0,0,0,165549,0,83733
2024.04.23-13.48.04,165549,117226,150952,120415,117226,0,120445,120142,0,117294,120119,0,0,0,165549,0,83733
2024.04.23-21.21.18,165620,117191,150917,120380,117191,0,120410,120107,0,117259,120084,0,0,0,165620,0,83706
2024.04.24-11.50.06,165620,117191,150917,120380,117191,0,120410,120107,0,117259,120084,0,0,0,165620,0,151359
2024.04.24-17.58.59,168192,117158,150884,120347,117158,0,120377,120074,0,117226,120051,0,0,0,168192,0,151298
2024.04.25-10.00.53,168214,117154,150880,120343,117154,0,120373,120070,0,117222,120047,0,0,0,168214,0,151294
2024.04.25-17.14.13,168214,117154,156787,120343,117154,0,120373,120070,0,117222,120047,0,0,0,168214,0,151294
2024.04.25-17.57.28,168214,117154,156969,120343,117154,0,120373,120070,0,117222,120047,0,0,0,168214,0,151294
2024.04.27-16.44.48,171071,116673,156599,119848,116673,0,119878,119575,0,116741,119552,0,0,0,171071,0,150984
2024.04.28-18.47.10,171482,116673,159301,119848,116673,0,119878,119575,0,116741,119552,0,0,0,171482,0,150984
2024.04.29-10.50.47,171531,116673,164132,119848,116673,0,119878,119575,0,116741,119552,0,0,0,171531,0,150984
2024.04.29-11.41.30,171531,124616,164132,127782,124616,0,127816,127513,0,124684,127490,0,0,0,171531,0,150984
2024.04.29-12.50.39,171554,124616,164246,127782,124616,0,127816,127513,0,124684,127490,0,0,0,171554,0,150984
2024.04.29-16.18.37,171554,125177,164268,128234,125177,0,128328,128025,0,125245,128002,0,0,0,171554,0,150984
2024.04.30-11.00.19,171554,128069,164282,128369,128069,0,128456,128340,0,128137,128319,0,0,0,171554,0,150984
2024.04.30-12.54.25,171554,127253,164282,127295,127253,0,128319,127266,0,127321,127245,0,0,0,171554,0,151218
2024.04.30-14.59.57,171554,127259,164282,127299,127259,0,128325,127272,0,127327,127251,0,0,0,171554,0,151222
2024.05.06-17.07.26,171554,140050,164282,127299,140050,0,128325,127272,0,140118,127251,0,0,0,171554,0,151222
2024.05.07-17.11.28,171554,140257,164282,140297,140257,0,141323,140270,0,140325,140249,0,0,0,171554,0,151222
2024.05.07-18.34.40,171554,143254,164282,143294,143254,0,144320,143267,0,143322,143246,0,0,0,171554,0,151222
2024.05.09-17.54.48,171554,143339,164282,143308,143339,0,144336,143283,0,143407,143262,0,0,0,171554,0,151222
2024.05.14-17.29.46,171440,137735,158798,137714,137735,0,138732,137679,0,137803,137658,0,0,0,171440,0,148885
2024.05.16-16.32.48,175844,136013,156942,135992,136013,0,137010,135957,0,136081,135936,0,0,0,175844,0,147240
2024.05.16-16.56.42,175844,156236,156876,156265,156236,0,156262,156270,0,156287,156209,0,0,0,175844,0,147174
2024.05.18-17.10.58,180104,155185,155874,155214,155185,0,155211,155219,0,155236,155158,0,0,0,180104,0,146218
2024.05.18-17.29.15,180116,155185,155874,155214,155185,0,155211,155219,0,155236,155158,0,0,0,180116,0,146218
2024.05.18-18.16.50,180116,155185,156658,155214,155185,0,155211,155219,0,155236,155158,0,0,0,180116,0,146218
2024.05.20-14.26.21,180478,155171,156641,155200,155171,0,155197,155205,0,155222,155144,0,0,0,180478,0,146204
2024.05.20-18.24.18,180478,156170,156641,156199,156170,0,156196,156204,0,156221,156143,0,0,0,180478,0,146204
2024.05.20-18.40.59,180478,156162,156641,156191,156162,0,156188,156196,0,156213,156135,0,0,0,180478,0,146884
2024.05.21-11.32.02,180478,156053,156532,156082,156053,0,156079,156087,0,156104,156026,0,0,0,180478,0,146775
2024.05.22-16.30.15,186670,154887,155366,154916,154887,0,154913,154921,0,154938,154860,0,0,0,186670,0,145914
2024.05.22-17.52.20,186736,154864,155343,154893,154864,0,154890,154898,0,154915,154837,0,0,0,186736,0,145891
2024.05.22-18.05.07,186736,154864,156134,154893,154864,0,154890,154898,0,154915,154837,0,0,0,186736,0,145891
2024.05.23-10.54.41,186736,154864,170911,154893,154864,0,154890,154898,0,154915,154837,0,0,0,186736,0,145891
2024.05.23-11.22.23,186735,154839,170886,154868,154839,0,154865,154873,0,154890,154812,0,0,0,186735,0,145866
2024.05.23-12.21.46,186735,154839,171258,154868,154839,0,154865,154873,0,154890,154812,0,0,0,186735,0,145866
2024.05.23-13.08.33,186735,154839,171479,154868,154839,0,154865,154873,0,154890,154812,0,0,0,186735,0,145866
2024.05.23-23.49.43,186735,154839,171561,154868,154839,0,154865,154873,0,154890,154812,0,0,0,186735,0,145866
2024.05.23-23.53.47,186788,154740,171454,154769,154740,0,154766,154774,0,154791,154713,0,0,0,186788,0,145767
2024.05.24-10.40.03,186787,154740,171706,154769,154740,0,154766,154774,0,154791,154713,0,0,0,186787,0,145767
2024.05.24-11.36.11,186787,154740,171706,154769,154740,0,154766,154774,0,154791,154713,0,0,0,186787,0,145912
2024.05.24-18.18.38,186787,169765,171975,155057,169765,0,155054,155062,0,169816,169778,0,0,0,186787,0,145912
2024.05.25-18.03.53,189184,169361,171559,154667,169361,0,154664,154672,0,169412,169374,0,0,0,189184,0,145741
2024.05.25-18.16.54,189184,169361,171614,154667,169361,0,154664,154672,0,169412,169374,0,0,0,189184,0,145741
2024.05.25-22.27.00,189513,169114,171367,154420,169114,0,154417,154425,0,169165,169127,0,0,0,189513,0,145741
2024.05.27-16.27.59,190336,169096,171130,154402,169096,0,154399,154407,0,169147,169109,0,0,0,190336,0,145741
2024.05.27-17.38.12,190336,169501,171246,154807,169501,0,154804,154812,0,169552,169514,0,0,0,190336,0,145818
2024.05.27-17.48.38,190336,177171,171246,154807,177171,0,154804,154812,0,177222,169514,0,0,0,190336,0,145818
2024.05.27-18.32.13,190336,177282,171357,154918,177282,0,154915,154923,0,177333,169625,0,0,0,190336,0,145818
2024.05.27-18.56.49,190336,177282,173490,154918,177282,0,154915,154923,0,177333,169625,0,0,0,190336,0,145818
2024.05.27-19.57.39,190336,177282,173490,154918,177282,0,154915,154923,0,177333,169625,0,0,0,190336,0,175824
2024.05.27-20.00.24,190344,177282,173490,154918,177282,0,154915,154923,0,177333,169625,0,0,0,190344,0,175824
2024.05.27-21.06.19,190344,177282,174214,154918,177282,0,154915,154923,0,177333,169625,0,0,0,190344,0,175824
2024.05.28-10.09.10,190344,177282,174214,154918,177282,0,154915,154923,0,177333,169625,0,0,0,190344,0,178236
2024.05.28-12.08.40,190344,177293,174214,154929,177293,0,154974,154982,0,177344,169682,0,0,0,190344,0,178240
2024.05.28-12.36.10,190344,178798,175719,154929,178798,0,156479,156487,0,178849,169682,0,0,0,190344,0,178240
2024.05.28-16.13.01,190344,178971,175218,156557,178971,0,156602,156610,0,179022,171315,0,0,0,190344,0,177950
2024.05.28-16.47.18,190368,178971,175218,156557,178971,0,156602,156610,0,179022,171315,0,0,0,190368,0,177950
2024.05.28-17.42.26,190368,178971,182912,156557,178971,0,156602,156610,0,179022,171315,0,0,0,190368,0,177950
2024.05.28-18.19.58,190368,181104,182912,156557,181104,0,156602,156610,0,181155,171315,0,0,0,190368,0,177950
2024.05.29-14.48.15,190350,181067,182875,156520,181067,0,156565,156573,0,181118,171278,0,0,0,190350,0,177913
2024.05.29-15.28.12,190350,182173,182875,156520,182173,0,156565,156573,0,182156,171278,0,0,0,190350,0,177913
2024.05.29-18.05.54,190350,182173,182875,174475,182173,0,182140,182145,0,182156,174480,0,0,0,190350,0,177913
2024.05.29-18.15.19,190350,182173,182875,174475,182173,0,182140,182145,0,182156,174480,0,0,0,190350,0,182200
2024.05.29-18.23.52,190350,182173,182874,174475,182173,0,182140,182145,0,182156,174480,0,0,0,190350,0,182199
2024.05.30-11.56.58,190350,182172,182874,182144,182172,0,182139,182144,0,182172,182149,0,0,0,190350,0,182199
2024.05.30-12.04.08,190365,182172,182874,182144,182172,0,182139,182144,0,182172,182149,0,0,0,190365,0,182199
2024.05.30-12.52.57,190365,182187,182889,182209,182187,0,182204,182209,0,182187,182209,0,0,0,190365,0,182214
2024.05.30-13.34.44,190373,182187,182889,182209,182187,0,182204,182209,0,182187,182209,0,0,0,190373,0,182214
2024.05.30-15.48.09,190373,182191,182893,182213,182191,0,182208,182213,0,182191,182213,0,0,0,190373,0,182218
2024.06.01-16.31.00,190389,182189,182891,182211,182189,0,182206,182211,0,182189,182211,0,0,0,190389,0,182216
2024.06.02-18.55.37,190366,182216,182922,182238,182216,0,182233,182238,0,182216,182238,0,0,0,190366,0,182216
2024.06.03-13.14.42,190373,182210,182916,182232,182210,0,182227,182232,0,182210,182232,0,0,0,190373,0,182210
2024.06.03-20.45.15,190371,182212,182918,182234,182212,0,182229,182234,0,182212,182234,0,0,0,190371,0,182205
2024.06.06-15.56.54,190578,181646,182352,181668,181646,0,181663,181668,0,181646,181668,0,0,0,190578,0,181639
2024.06.06-20.07.17,190578,181900,182611,181922,181900,0,181922,181922,0,181898,181922,0,0,0,190578,0,182423
2024.06.07-11.00.25,190566,181896,182607,181918,181896,0,181918,181918,0,181894,181918,0,0,0,190566,0,182157
2024.06.07-11.09.22,190566,181896,182857,181918,181896,0,181918,181918,0,181894,181918,0,0,0,190566,0,182157
2024.06.07-15.09.01,190566,182390,183111,182412,182390,0,182412,182412,0,182388,182412,0,0,0,190566,0,182411
2024.06.11-19.58.33,191199,181718,182439,181740,181718,0,181740,181740,0,181716,181740,0,0,0,191199,0,181739
2024.06.12-18.09.10,191297,181413,182134,181435,181413,0,181435,181435,0,181411,181435,0,0,0,191297,0,181434
2024.06.13-21.14.41,191297,181758,182796,181780,181758,0,183151,183151,0,181709,181780,0,0,0,191297,0,182093
2024.06.14-10.41.25,191297,183129,183836,182820,183129,0,183151,183151,0,183080,182820,0,0,0,191297,0,182093
2024.06.14-11.19.45,191297,183129,183836,182820,183129,0,183151,183151,0,183129,182820,0,0,0,191297,0,183136
2024.06.17-10.43.29,191297,183129,183836,183151,183129,0,183151,183151,0,183129,183151,0,0,0,191297,0,183136
2024.06.18-18.56.23,191431,183087,183794,183109,183087,0,183109,183109,0,183087,183109,0,0,0,191431,0,183094
2024.06.19-16.30.48,191390,182968,183675,182990,182968,0,182990,182990,0,182968,182990,0,0,0,191390,0,182975
2024.06.19-18.24.49,191390,183203,183910,183225,183203,0,183225,183225,0,183203,183225,0,0,0,191390,0,183102
2024.06.19-23.12.38,191390,183211,183918,183233,183211,0,183233,183233,0,183211,183233,0,0,0,191390,0,183218
2024.06.24-10.54.56,191760,183165,183872,183187,183165,0,183187,183187,0,183165,183187,0,0,0,191760,0,183172
2024.06.25-18.37.23,192870,183116,183823,183138,183116,0,183138,183138,0,183116,183138,0,0,0,192870,0,183123
2024.06.26-14.05.51,192870,183496,184203,183518,183496,0,183518,183518,0,183496,183518,0,0,0,192870,0,183503
2024.06.27-11.08.52,192870,184520,185227,183518,184520,0,184542,184542,0,184520,183518,0,0,0,192870,0,183503
2024.06.27-11.46.43,192870,184520,185227,183518,184520,0,184542,184542,0,184520,183518,0,0,0,192870,0,184562
2024.06.27-12.39.13,192870,184532,185239,183530,184532,0,184554,184554,0,184532,183530,0,0,0,192870,0,184562
2024.06.27-14.54.24,193154,184532,185239,183530,184532,0,184554,184554,0,184532,183530,0,0,0,193154,0,184539
2024.06.27-15.02.09,193154,184532,185239,184554,184532,0,184554,184554,0,184532,184554,0,0,0,193154,0,184539
2024.07.01-23.07.25,194586,184262,184969,184284,184262,0,184284,184284,0,184262,184284,0,0,0,194586,0,184269
2024.07.02-21.01.40,194801,183668,184454,183690,183668,0,183690,183690,0,183668,183690,0,0,0,194801,0,183678
2024.07.04-10.58.23,194801,185521,186231,185543,185521,0,185543,185543,0,185521,185543,0,0,0,194801,0,183678
2024.07.04-11.08.29,194801,185599,186306,185621,185599,0,185621,185621,0,185599,185621,0,0,0,194801,0,183753
2024.07.04-11.25.04,194886,185616,186303,185638,185616,0,185638,185638,0,185616,185638,0,0,0,194886,0,183753
2024.07.04-12.46.24,194886,185872,186559,185894,185872,0,185894,185894,0,185872,185894,0,0,0,194886,0,185896
2024.07.09-23.33.46,195333,185434,186121,185456,185434,0,185456,185456,0,185434,185456,0,0,0,195333,0,185458
2024.07.11-10.13.22,195333,185434,186422,185757,185434,0,185757,185757,0,185434,185757,0,0,0,195333,0,185458
2024.07.11-11.12.03,195367,185434,186422,185757,185434,0,185757,185757,0,185434,185757,0,0,0,195367,0,185458
2024.07.11-11.18.29,195367,185434,186422,185757,185434,0,185757,185757,0,185434,185757,0,0,0,195367,0,185941
2024.07.12-17.39.30,196544,184703,185741,185076,184703,0,185076,185076,0,184703,185076,0,0,0,196544,0,185055
2024.07.15-14.43.33,196544,185004,185741,185076,185004,0,185076,185076,0,185004,185076,0,0,0,196544,0,185055
2024.07.16-10.33.30,196544,185004,186104,185076,185004,0,185076,185076,0,185004,185076,0,0,0,196544,0,185055
2024.07.16-17.12.48,197112,184418,185278,184490,184418,0,184490,184490,0,184418,184490,0,0,0,197112,0,184469
2024.07.17-18.28.03,197273,184648,185497,184720,184648,0,184720,184720,0,184648,184720,0,0,0,197273,0,184697
2024.07.17-22.18.23,197273,184648,188663,184720,187993,0,184720,184720,0,184648,184720,0,0,0,197273,0,184697
2024.07.17-22.32.25,197273,184671,188686,184743,188016,0,184743,184743,0,184671,184743,0,0,0,197273,0,184722
2024.07.18-16.25.45,197273,184725,189009,187963,188272,0,188142,188142,0,188070,187963,0,0,0,197273,0,188103
2024.07.19-17.30.24,197273,188070,189009,188142,188272,0,188142,188142,0,188070,188142,0,0,0,197273,0,188103
2024.07.20-18.08.09,197862,187578,188517,187650,187780,0,187650,187650,0,187578,187650,0,0,0,197862,0,187611
2024.07.22-17.27.40,197870,187578,188517,187650,187780,0,187650,187650,0,187578,187650,0,0,0,197870,0,187611
2024.07.23-18.28.53,198132,187458,188397,187530,187660,0,187530,187530,0,187458,187530,0,0,0,198132,0,187491
2024.07.24-17.13.28,198132,188959,188397,187530,189077,0,188981,188981,0,187458,187530,0,0,0,198132,0,187491
2024.07.24-17.45.10,198132,188959,189764,187530,189077,0,188981,188981,0,187458,187530,0,0,0,198132,0,187491
2024.07.24-18.04.36,198376,188907,189712,187530,189025,0,188929,188929,0,187458,187530,0,0,0,198376,0,187491
2024.07.25-10.28.02,198376,188907,189712,187530,189025,0,188929,188929,0,188907,187530,0,0,0,198376,0,188962
2024.07.25-10.56.28,198376,188959,189764,187530,189077,0,188981,188981,0,188959,187530,0,0,0,198376,0,188958
2024.07.25-11.41.59,198376,188976,189768,188998,189081,0,188998,188998,0,188976,188998,0,0,0,198376,0,188958
2024.07.26-10.48.46,198496,188976,189768,188998,189081,0,188998,188998,0,188976,188998,0,0,0,198496,0,188958
2024.07.29-17.26.26,198677,188976,189768,188998,189081,0,188998,188998,0,188976,188998,0,0,0,198677,0,188958
2024.07.30-10.56.18,198697,188976,189768,188998,189081,0,188998,188998,0,188976,188998,0,0,0,198697,0,188958
2024.07.30-21.23.56,198900,188757,189549,188779,188862,0,188779,188779,0,188757,188779,0,0,0,198900,0,188739
2024.08.01-11.56.08,198900,189073,189865,188779,189178,0,189095,189095,0,189073,188779,0,0,0,198900,0,189071
2024.08.01-15.53.19,199231,189073,189865,188779,189178,0,189095,189095,0,189073,188779,0,0,0,199231,0,189071
2024.08.01-17.18.20,199252,189073,189865,188779,189178,0,189095,189095,0,189073,188779,0,0,0,199252,0,189071
2024.08.03-16.19.13,199594,188312,189104,188018,188417,0,188334,188334,0,188312,188018,0,0,0,199594,0,188310
2024.08.05-12.22.49,199602,188312,189104,188018,188417,0,188334,188334,0,188312,188018,0,0,0,199602,0,188310
2024.08.08-10.47.59,199911,188312,189104,188018,188417,0,188334,188334,0,188312,188018,0,0,0,199911,0,188310
2024.08.14-17.52.12,200432,188277,189069,187983,188382,0,188299,188299,0,188277,187983,0,0,0,200432,0,188275
2024.08.15-10.28.36,200432,188428,189220,188134,188533,0,188450,188450,0,188428,188134,0,0,0,200432,0,188426
2024.08.20-10.45.57,202180,188428,189220,188134,188533,0,188450,188450,0,188428,188134,0,0,0,202180,0,188426
2024.08.20-11.38.35,202201,188428,189220,188134,188533,0,188450,188450,0,188428,188134,0,0,0,202201,0,188426
2024.08.22-10.33.12,202880,188424,189216,188130,188529,0,188446,188446,0,188424,188130,0,0,0,202880,0,188422
2024.08.22-10.59.01,202880,188427,189219,188133,188532,0,188449,188449,0,188427,188133,0,0,0,202880,0,188425
2024.08.29-10.22.59,204998,188427,189219,188133,188532,0,188449,188449,0,188427,188133,0,0,0,204998,0,188425
2024.08.29-10.53.09,204998,188448,189240,188154,188553,0,188470,188470,0,188448,188154,0,0,0,204998,0,188446
2024.09.03-19.01.53,212187,188426,189209,188132,188531,0,188448,188448,0,188426,188132,0,0,0,212187,0,188424
2024.09.10-21.04.49,213483,188345,189128,188051,188450,0,188367,188367,0,188345,188051,0,0,0,213483,0,188343
2024.09.11-16.18.49,213529,188373,189166,188051,188478,0,188395,188395,0,188373,188051,0,0,0,213529,0,188343
2024.09.12-10.36.48,213529,188373,189166,188079,188478,0,188395,188395,0,188373,188079,0,0,0,213529,0,188343
2024.09.12-10.40.17,213849,188358,189151,188064,188463,0,188380,188380,0,188358,188064,0,0,0,213849,0,188328
2024.09.12-11.00.02,213849,189157,189940,188863,189262,0,189179,189179,0,189157,188863,0,0,0,213849,0,189180
2024.09.12-11.20.58,213849,189157,189940,188863,189262,0,189179,189179,0,189157,188863,0,0,0,213849,0,189171
2024.09.14-17.56.41,213849,189157,199958,188863,189262,0,189179,189179,0,189157,188863,0,0,0,213849,0,189171
2024.09.18-17.10.28,214503,189097,199859,188803,189202,0,189119,189119,0,189097,188803,0,0,0,214503,0,189111
2024.09.19-11.42.40,214503,189097,205134,188803,189202,0,189119,189119,0,189097,188803,0,0,0,214503,0,189111
2024.09.19-20.41.04,214522,189097,205084,188803,189202,0,189119,189119,0,189097,188803,0,0,0,214522,0,189111
2024.09.19-20.58.21,214530,189097,205084,188803,189202,0,189119,189119,0,189097,188803,0,0,0,214530,0,189111
2024.09.21-10.49.13,214530,189097,205995,188803,189202,0,189119,189119,0,189097,188803,0,0,0,214530,0,189111
2024.09.25-10.35.59,214627,188936,205781,188642,189041,0,188958,188958,0,188936,188642,0,0,0,214627,0,188950
2024.09.25-16.30.02,214627,201336,205844,188642,201441,0,188958,188958,0,201336,188642,0,0,0,214627,0,188950
2024.09.25-16.38.37,214627,201336,205844,188642,201441,0,188958,188958,0,201336,188642,0,0,0,214627,0,192793
2024.09.26-16.19.33,214830,201101,205609,188407,201206,0,188723,188723,0,201101,188407,0,0,0,214830,0,192558
2024.09.26-17.01.55,214830,201748,205768,201766,201751,0,201770,201770,0,201748,201766,0,0,0,214830,0,192622
2024.10.09-16.42.22,215472,201321,205341,201339,201324,0,201343,201343,0,201321,201339,0,0,0,215472,0,192203
2024.10.16-15.34.48,215472,201347,205367,201340,201350,0,201369,201369,0,201347,201340,0,0,0,215472,0,192203
2024.10.22-20.35.42,216388,201312,205330,201305,201315,0,201334,201334,0,201312,201305,0,0,0,216388,0,192190
2024.11.07-14.00.13,224116,201045,205063,201038,201048,0,201067,201067,0,201045,201038,0,0,0,224116,0,191945
2024.11.07-17.04.41,224335,201074,205092,201038,201077,0,201096,201096,0,201074,201038,0,0,0,224335,0,191945
2024.11.07-20.27.28,224335,204791,205697,204757,204791,0,204813,204813,0,204791,204757,0,0,0,224335,0,192526
2024.11.14-10.45.00,224851,204215,205121,204181,204215,0,204237,204237,0,204215,204181,0,0,0,224851,0,191998
2024.11.14-12.34.14,224851,204215,214869,204181,204215,0,204237,204237,0,204215,204181,0,0,0,224851,0,191998
2024.11.14-13.26.27,224851,204254,214908,204220,204254,0,204276,204276,0,204254,204220,0,0,0,224851,0,192037
2024.11.19-15.31.49,224851,204254,216686,204220,204254,0,204276,204276,0,204254,204220,0,0,0,224851,0,192037
2024.11.19-18.23.49,225076,202799,212620,202765,202799,0,202821,202821,0,202799,202765,0,0,0,225076,0,191683
2024.11.21-11.17.32,225085,202799,212686,202765,202799,0,202821,202821,0,202799,202765,0,0,0,225085,0,191683
2024.11.21-12.01.33,225085,209889,215350,209855,209889,0,212614,212614,0,209889,209855,0,0,0,225085,0,191683
2024.11.21-12.31.58,225092,209889,215350,209855,209889,0,212614,212614,0,209889,209855,0,0,0,225092,0,191683
2024.11.21-13.19.34,225092,209889,215360,209855,209889,0,212614,212614,0,209889,209855,0,0,0,225092,0,191683
2024.11.22-14.23.09,225162,209889,215365,209855,209889,0,212614,212614,0,209889,209855,0,0,0,225162,0,191683
2024.11.22-15.08.02,225162,212617,215414,212583,212617,0,212639,212639,0,212617,212583,0,0,0,225162,0,191708
2024.11.23-11.16.52,225162,213008,215404,212974,213008,0,213030,213030,0,213008,212974,0,0,0,225162,0,191698
2024.11.23-13.21.05,225162,214103,215818,214069,214103,0,214125,214125,0,214103,214069,0,0,0,225162,0,209191
2024.11.23-13.41.20,225174,214086,215801,214052,214086,0,214108,214108,0,214086,214052,0,0,0,225174,0,209174
2024.11.23-15.41.42,225174,214062,215095,214028,214062,0,214084,214084,0,214062,214028,0,0,0,225174,0,209170
2024.11.23-16.04.15,225174,214062,215095,214082,214062,0,214084,214084,0,214062,214082,0,0,0,225174,0,209170
2024.12.05-10.56.16,225531,214003,214928,214023,214003,0,214025,214025,0,214003,214023,0,0,0,225531,0,209003
2024.12.12-19.07.59,234116,211864,212789,211884,211864,0,211886,211886,0,211864,211884,0,0,0,234116,0,206864
2024.12.12-19.24.59,234116,211928,212968,211948,211928,0,211950,211950,0,211928,211948,0,0,0,234116,0,206864
2024.12.16-17.33.41,234617,211928,212968,211948,211928,0,211950,211950,0,211928,211948,0,0,0,234617,0,206864
2024.12.16-18.35.13,234617,212606,214574,212628,212606,0,212628,212628,0,212606,212628,0,0,0,234617,0,207546
2024.12.17-19.28.46,235399,212606,214574,212628,212606,0,212628,212628,0,212606,212628,0,0,0,235399,0,207546
2024.12.17-20.33.00,235399,212658,214626,212680,212658,0,212680,212680,0,212658,212680,0,0,0,235399,0,207598
2024.12.19-14.55.00,235399,214412,216239,214434,214412,0,214434,214434,0,214412,214434,0,0,0,235399,0,209320
2025.01.08-14.35.23,244739,213538,215365,213560,213538,0,213560,213560,0,213538,213560,0,0,0,244739,0,208446
2025.01.08-14.50.33,244743,213538,215365,213560,213538,0,213560,213560,0,213538,213560,0,0,0,244743,0,208446
2025.01.08-18.11.43,244743,213778,215605,213800,213778,0,213800,213800,0,213778,213800,0,0,0,244743,0,208693
2025.01.09-11.24.59,245621,213778,215605,213800,213778,0,213800,213800,0,213778,213800,0,0,0,245621,0,208693
2025.01.15-17.51.13,246750,213454,215281,213476,213454,0,213476,213476,0,213454,213476,0,0,0,246750,0,208369
2025.01.16-10.18.07,246750,213480,216456,213502,213480,0,214651,214651,0,213480,213502,0,0,0,246750,0,208395
2025.01.16-13.30.13,246750,214629,216456,213502,214629,0,214651,214651,0,214629,213502,0,0,0,246750,0,208395
2025.01.17-12.14.27,246750,214629,216456,214651,214629,0,214651,214651,0,214629,214651,0,0,0,246750,0,209554
2025.01.20-18.27.01,246750,214743,216456,214651,214743,0,214651,214651,0,214743,214651,0,0,0,246750,0,209687
2025.01.20-18.43.15,250979,214543,216256,214451,214543,0,214451,214451,0,214543,214451,0,0,0,250979,0,209487
2025.01.20-18.49.32,250979,214633,216256,214451,214633,0,214451,214451,0,214633,214451,0,0,0,250979,0,209624
2025.01.21-17.19.25,250979,214652,216479,214674,214652,0,214674,214674,0,214652,214674,0,0,0,250979,0,209624
2025.02.12-17.10.02,252124,213709,215536,213731,213709,0,213731,213731,0,213709,213731,0,0,0,252124,0,208681
2025.02.12-17.25.23,252124,213717,216244,213739,213717,0,214439,214439,0,213717,213739,0,0,0,252124,0,209569
2025.02.13-10.08.21,252124,214417,216244,213739,214417,0,214439,214439,0,214417,213739,0,0,0,252124,0,209569
2025.02.13-11.02.24,252124,214597,216424,214619,214597,0,214619,214619,0,214597,214619,0,0,0,252124,0,209569
2025.02.17-16.04.56,252316,214372,216199,214394,214372,0,214394,214394,0,214372,214394,0,0,0,252316,0,209344
2025.02.18-20.49.44,252816,214091,215918,214113,214091,0,214113,214113,0,214091,214113,0,0,0,252816,0,209063
2025.02.20-10.47.25,255688,214091,215898,214113,214091,0,214113,214113,0,214091,214113,0,0,0,255688,0,209063
2025.02.20-13.27.15,256080,214077,215884,214099,214077,0,214099,214099,0,214077,214099,0,0,0,256080,0,209049
2025.02.20-16.14.46,256080,214410,216217,214432,214410,0,214432,214432,0,214410,214432,0,0,0,256080,0,209378
2025.02.26-15.25.46,258863,214166,215973,214188,214166,0,214188,214188,0,214166,214188,0,0,0,258863,0,209164
2025.02.26-15.33.13,258863,214454,216261,214188,214454,0,214476,214476,0,214454,214188,0,0,0,258863,0,209445
2025.02.26-22.59.07,258863,214454,216261,214476,214454,0,214476,214476,0,214454,214476,0,0,0,258863,0,209445
2025.02.27-16.48.00,259215,214408,216215,214430,214408,0,214430,214430,0,214408,214430,0,0,0,259215,0,209399
2025.03.06-20.41.18,267124,213577,215276,213599,213577,0,213599,213599,0,213577,213599,0,0,0,267124,0,208516
2025.03.06-21.03.35,267124,214064,215763,214086,214064,0,214086,214086,0,214064,214086,0,0,0,267124,0,208960
2025.03.19-10.09.19,272794,213742,214236,213764,213742,0,213764,213764,0,213742,213764,0,0,0,272794,0,208638
2025.03.19-13.25.28,272976,213742,214236,213764,213742,0,213764,213764,0,213742,213764,0,0,0,272976,0,208638
2025.03.25-10.03.22,274085,213655,214148,213677,213655,0,213677,213677,0,213655,213677,0,0,0,274085,0,208550
2025.03.25-20.54.25,274439,213636,214129,213658,213636,0,213658,213658,0,213636,213658,0,0,0,274439,0,208531
2025.03.27-20.45.42,275210,213286,213777,213308,213286,0,213308,213308,0,213286,213308,0,0,0,275210,0,208181
2025.03.31-11.52.43,275210,215885,216190,215907,215885,0,215907,215907,0,215885,215907,0,0,0,275210,0,208218
2025.04.09-15.26.23,281803,214757,215007,214779,214757,0,214775,214779,0,214757,214779,0,0,0,281803,0,207075
2025.04.10-10.53.03,281803,215083,215333,214831,215083,0,215101,215105,0,215083,214831,0,0,0,281803,0,207401
2025.04.10-11.40.57,281803,215083,215333,215105,215083,0,215101,215105,0,215083,215105,0,0,0,281803,0,207401
2025.04.23-17.22.33,294504,212853,213103,212875,212853,0,212871,212875,0,212853,212875,0,0,0,294504,0,205246
2025.04.24-12.51.03,294975,212853,213103,212875,212853,0,212871,212875,0,212853,212875,0,0,0,294975,0,205246
2025.04.24-14.17.54,294975,213164,213414,213186,213164,0,213182,213186,0,213164,213186,0,0,0,294975,0,205564
2025.04.28-10.27.20,295980,213004,213254,213026,213004,0,213022,213026,0,213004,213026,0,0,0,295980,0,205404
2025.05.06-18.23.19,305026,209619,209869,209641,209619,0,209637,209641,0,209619,209641,0,0,0,305026,0,202080
2025.05.07-12.38.34,304910,209619,209869,209641,209619,0,209637,209641,0,209619,209641,0,0,0,304910,0,202080
2025.05.07-17.14.31,304910,209694,209944,209716,209694,0,209712,209716,0,209694,209716,0,0,0,304910,0,202155
2025.05.20-17.43.02,309794,209308,209558,209330,209308,0,209326,209330,0,209308,209330,0,0,0,309794,0,201853
2025.05.20-17.54.13,309794,209308,213364,209330,209308,0,209326,209330,0,209308,209330,0,0,0,309794,0,201853
2025.05.21-14.21.24,309794,213114,213364,209663,213114,0,213132,213136,0,213114,209663,0,0,0,309794,0,202186
2025.05.21-16.35.36,309794,213114,213364,209663,213114,0,213132,213136,0,213114,209663,0,0,0,309794,0,206343
2025.05.22-12.24.46,309811,212825,213075,209374,212825,0,212843,212847,0,212825,209374,0,0,0,309811,0,206054
2025.05.22-12.31.58,309811,212825,213789,209374,212825,0,212843,212847,0,212825,209374,0,0,0,309811,0,206054
2025.05.22-15.23.32,309811,212825,213789,212847,212825,228886,212843,212847,228886,212825,212847,228886,228886,228886,309811,0,206054
2025.05.23-11.38.57,309811,212825,213789,213319,212825,228886,212843,212847,228886,212825,213319,228886,228886,228886,309811,0,206054
2025.05.27-17.56.38,310309,212197,213216,212691,212197,228306,212215,212219,228306,212197,212691,228306,228306,228306,310309,0,205426
2025.05.28-14.35.50,310309,212445,213464,212735,212445,228306,212463,212467,228306,212445,212735,228306,228306,228306,310309,0,205539
2025.05.29-11.25.02,310309,212445,213464,212939,212445,228306,212463,212467,228306,212445,212939,228306,228306,228306,310309,0,205539
2025.06.04-15.12.43,310868,212289,213308,212783,212289,228073,212307,212311,228073,212289,212783,228073,228073,228073,310868,0,205383
2025.06.04-15.27.24,310868,212342,213361,212836,212342,228073,212360,212364,228073,212342,212836,228073,228073,228073,310868,0,206034
2025.06.05-15.29.32,310868,212940,213480,213434,212940,228073,212958,212962,228073,212940,213434,228073,228073,228073,310868,0,206034
2025.06.13-13.23.41,313929,212561,213101,213055,212561,227386,212579,212583,227386,212561,213055,227386,227386,227386,313929,0,205655
2025.06.13-13.34.56,313929,212923,213261,213417,212923,227386,212941,212945,227386,212923,213417,227386,227386,227386,313929,0,205815
2025.06.19-21.02.21,311545,212845,213183,213339,212845,222008,212863,212867,222008,212845,213339,222008,222008,222008,311545,0,205737
2025.06.19-21.07.18,311545,214981,215319,215475,214981,222008,214999,215003,222008,214981,215475,222008,222008,222008,311545,0,207975
2025.06.25-17.00.05,312771,214964,215302,215458,214964,221981,214982,214986,221981,214964,215458,221981,221981,221981,312771,0,207958
2025.06.25-17.10.29,312771,215211,215549,215705,215211,221981,215229,215233,221981,215211,215705,221981,221981,221981,312771,0,208199
2025.06.27-14.55.56,313073,215211,215549,215705,215211,221981,215229,215233,221981,215211,215705,221981,221981,221981,313073,0,208199
2025.06.27-15.05.16,313073,216840,217178,217334,216840,221981,216858,216862,221981,216840,217334,221981,221981,221981,313073,0,209828
2025.07.15-10.43.22,338761,216440,216778,216934,216440,221533,216458,216462,221533,216440,216934,221533,221533,221533,338761,0,209428
2025.07.17-11.17.09,341367,216440,216778,216934,216440,221533,216458,216462,221533,216440,216934,221533,221533,221533,341367,0,209428
2025.07.17-11.37.58,341367,216471,216809,216965,216471,221533,216489,216493,221533,216471,216965,221533,221533,221533,341367,0,209459
2025.07.17-19.20.13,342128,216471,216809,216965,216471,221533,216489,216493,221533,216471,216965,221533,221533,221533,342128,0,209459
2025.07.22-12.39.27,344627,216471,216809,216965,216471,221399,216489,216493,221399,216471,216965,221399,221399,221399,344627,58,209459
2025.07.24-15.47.10,346039,216471,216809,216965,216471,221397,216489,216493,221397,216471,216965,221397,221397,221397,346039,58,209459
2025.07.25-10.18.31,346421,216471,216809,216965,216471,221397,216489,216493,221397,216471,216965,221397,221397,221397,346421,58,209459
2025.07.30-11.15.34,348072,216454,216792,216948,216454,221367,216472,216476,221367,216454,216948,221367,221367,221367,348072,58,209442
2025.08.15-18.22.14,358958,216117,216455,216611,216117,220913,216135,216139,220913,216117,216611,220913,220913,220913,358958,58,209105
2025.08.20-10.31.16,360363,216111,216449,216605,216111,220762,216129,216133,220762,216111,216605,220762,220762,220762,360363,58,209099
2025.08.20-10.51.00,360365,216111,216449,216605,216111,220760,216129,216133,220760,216111,216605,220760,220760,220760,360365,58,209099
2025.08.25-10.52.09,316241,186037,186260,186531,186037,189885,186055,186059,189885,186037,186531,189885,189885,189885,316241,58,179445
2025.08.25-12.18.49,316241,186051,186274,186545,186051,189885,186069,186073,189885,186051,186545,189885,189885,189885,316241,58,179574
2025.09.04-10.19.37,321867,185902,186125,186396,185902,189664,185920,185924,189664,185902,186396,189664,189664,189664,321867,58,179425
2025.10.20-20.53.41,411214,185131,185354,185621,185131,188754,185149,185153,188754,185131,185621,188754,188754,188754,411214,58,178644
2025.11.04-18.26.46,417673,184443,184666,184933,184443,187824,184461,184465,187824,184443,184933,187824,187824,187824,417673,58,177956
2025.11.06-16.29.30,417974,184349,184899,184839,184349,187730,184367,184371,187730,184349,184839,187730,187730,187730,417974,58,178189
2025.11.10-11.22.52,417972,184349,184899,184839,184349,187730,184367,184371,187730,184349,184839,187730,187730,187730,417972,58,178189
2025.11.13-20.42.06,418979,184322,184872,184812,184322,187703,184340,184344,187703,184322,184812,187703,187703,187703,418979,58,178162
2025.11.20-15.59.21,422051,184649,351168,185139,184649,187703,184667,184671,187703,184649,185139,187703,187703,187703,422051,58,178162
2025.11.24-11.02.56,422127,184649,351052,185139,184649,187703,184667,184671,187703,184649,185139,187703,187703,187703,422127,58,178162
2025.11.24-15.35.21,422141,184743,352874,185233,184743,187797,184761,184765,187797,184743,185233,187797,187797,187797,422141,58,178256
2025.11.26-14.12.09,422516,183451,349251,183941,183451,186402,183469,183473,186402,183451,183941,186402,186402,186402,422516,58,177051
2025.12.01-15.55.36,423521,183451,408368,183941,183451,186402,183469,183473,324354,183451,183941,323989,186402,186402,423521,58,177051
2025.12.08-12.29.30,422285,183339,402489,183829,183339,185827,183357,183361,319616,183339,183829,319251,185827,185827,422285,58,176939
2025.12.16-11.39.04,424786,210730,397206,211216,210748,185229,210729,210735,315426,210746,211223,315141,185229,185229,424786,58,204375
2025.12.31-16.16.36,433465,207735,389919,208089,207753,182919,207734,207740,308363,207751,208096,308144,182919,182919,433465,58,201248
2026.01.13-14.50.45,433044,330013,383073,330009,330033,182082,330012,330020,305214,330029,330016,305049,182082,182082,433044,58,233296
2026.01.17-14.31.01,439346,332327,385420,332349,332327,182071,332343,332349,304965,332327,332349,304800,182071,182071,439346,58,234920
2026.01.17-15.20.00,439346,332327,388926,332349,332327,182071,332343,332349,304965,332327,332349,304800,182071,182071,439346,58,235178
2026.02.04-20.41.55,437949,361461,392583,331216,361461,182040,361477,361483,284361,361461,331216,284196,182040,182040,437949,58,234711
2026.02.05-11.08.39,437949,361448,392570,331203,361448,182040,361464,361470,284361,361448,331203,284196,182040,182040,437949,58,234711
2026.02.05-13.08.57,437949,363963,394708,333635,363963,182040,363979,363985,284361,363963,333244,284196,182040,182040,437949,58,236242
2026.03.14-12.21.25,516507,360155,388446,360248,360155,181653,360171,360177,283305,360155,359871,283140,181653,181653,516507,58,234512
2026.03.20-12.09.53,516500,358349,358496,358442,358349,181596,358365,358371,282329,358349,358065,282164,181596,181596,516500,58,234096
2026.03.20-16.16.17,516577,358320,358467,358413,358320,181596,358336,358342,282300,358320,358036,282135,181596,181596,516577,58,234096
2026.03.24-17.12.38,516567,363162,363309,363255,363162,181060,363178,363184,280924,363162,362878,280759,181060,181060,516567,58,238695
2026.03.30-16.16.18,451984,360431,393736,360524,360431,0,360447,360453,0,360431,360147,0,0,0,451984,58,285306
2026.03.30-18.12.56,453530,363723,397100,363816,363723,0,363739,363745,0,363723,363439,0,0,0,453530,76,289024
2026.04.02-14.25.22,454357,363108,437747,363201,363108,0,363124,363130,0,363108,362824,0,0,0,454357,76,437617
2026.04.07-15.12.24,457321,364105,438130,364217,377527,0,364121,364127,0,377527,363840,0,0,0,457321,76,437923
2026.04.07-15.45.53,457326,364110,438135,364222,377532,0,364126,364132,0,377532,363845,0,0,0,457326,76,437928
2026.04.07-17.39.46,457318,365904,440227,366016,379353,0,384021,384016,0,379353,365639,0,0,0,457318,76,440020
2026.04.07-21.15.09,457639,379337,440211,379449,379337,0,384020,384000,0,379337,379072,0,0,0,457639,76,440004
2026.04.08-13.11.01,457858,379193,439503,379305,379193,0,383876,383856,0,379193,378928,0,0,0,457858,76,439296
2026.04.08-17.02.36,457872,417255,441579,379427,417255,0,384025,383998,0,417255,379050,0,0,0,457872,76,439397
2026.04.09-16.16.59,457880,435355,441719,397628,435355,0,400332,400305,0,435355,397251,0,0,0,457880,76,441694
2026.04.09-16.27.47,457880,435376,441725,397637,435376,0,400353,400326,0,435376,397260,0,0,0,457880,76,441634
2026.04.09-17.56.08,457880,435376,441327,397637,435376,0,400353,400326,0,435376,397260,0,0,0,457880,76,441236
2026.04.09-21.18.20,457880,439211,441327,419099,439211,0,406348,406321,0,439211,418722,0,0,0,457880,76,441236
